{
  "Id": "01K8HR2B6SMYWZ4RYSN2XR82CG",
  "Name": "Clue Mansion",
  "Version": "1.0.0",
  "Description": "Based upon the classic Parker Brothers board game. Explore the mansion, question suspects, and uncover the weapon and location of Mr. Boddy's untimely demise.",
  "Grid": {
    "CellSize": { "Length": 1, "Width": 1, "Height": 1 },
    "Entry": { "X": 0, "Y": 0, "Z": 0 }
  },
  "Elements": [
    {
      "$type": "scene",
      "Id": "06a79e13ee114ae9813cf3c1a8399d46",
      "Kind": "scene",
      "Name": "Hall",
      "Description": "A grand entrance with towering pillars and a sweeping staircase. The air feels heavy with formality and secrets.",
      "Location": { "$loc": "world", "pos": { "x": 0, "y": 0, "z": 0 } },
      "Aliases": ["hall", "foyer", "entry"],
      "Properties": { "defaultState": "default" },
      "Flags": { "isVisible": true },
      "States": {
        "default": {
          "Description": "Dimly lit, with portraits of stern ancestors staring down.",
          "Svg": "<rect width='100' height='100' fill='#d4b483' stroke='#5a3e2b' stroke-width='2'/><text x='50' y='55' text-anchor='middle' font-size='10' fill='#3b2a1a'>Hall</text>"
        }
      }
    },
    {
      "$type": "scene",
      "Id": "3bbcf9845a59413c93210f9ed8e23609",
      "Kind": "scene",
      "Name": "Study",
      "Description": "A small, wood-paneled room filled with books and secrets.",
      "Location": { "$loc": "world", "pos": { "x": -1, "y": 0, "z": 0 } },
      "Aliases": ["study", "office"],
      "Properties": { "defaultState": "default" },
      "Flags": { "isVisible": true },
      "States": {
        "default": {
          "Description": "A desk littered with papers and a faint smell of cigar smoke.",
          "Svg": "<rect width='100' height='100' fill='#8b5a2b' stroke='#4a2e14' stroke-width='2'/><text x='50' y='55' text-anchor='middle' font-size='10' fill='#fff'>Study</text>"
        }
      }
    },
    {
      "$type": "scene",
      "Id": "1425ad2d4b9f4c50a2c7edb277b0a2b7",
      "Kind": "scene",
      "Name": "Lounge",
      "Description": "A cozy sitting room with plush furniture and the faint aroma of brandy.",
      "Location": { "$loc": "world", "pos": { "x": 1, "y": 0, "z": 0 } },
      "Aliases": ["lounge"],
      "Properties": { "defaultState": "default" },
      "Flags": { "isVisible": true },
      "States": {
        "default": {
          "Description": "A grand fireplace dominates the room.",
          "Svg": "<rect width='100' height='100' fill='#a64d79' stroke='#4a1f3d' stroke-width='2'/><text x='50' y='55' text-anchor='middle' font-size='10' fill='#fff'>Lounge</text>"
        }
      }
    },
    {
      "$type": "scene",
      "Id": "f6bbf6a19557430587e27d8eab446872",
      "Kind": "scene",
      "Name": "Library",
      "Description": "Tall shelves of dusty books line the walls.",
      "Location": { "$loc": "world", "pos": { "x": -1, "y": 1, "z": 0 } },
      "Aliases": ["library"],
      "Properties": { "defaultState": "default" },
      "Flags": { "isVisible": true },
      "States": {
        "default": {
          "Description": "Smells faintly of old paper and pipe tobacco.",
          "Svg": "<rect width='100' height='100' fill='#4d3319' stroke='#26180a' stroke-width='2'/><text x='50' y='55' text-anchor='middle' font-size='10' fill='#fff'>Library</text>"
        }
      }
    },
    {
      "$type": "scene",
      "Id": "8c02b90280104b5ab77c8cbe1869be67",
      "Kind": "scene",
      "Name": "Billiard Room",
      "Description": "A room for games and gossip, with green felt tables and chalked cues.",
      "Location": { "$loc": "world", "pos": { "x": -1, "y": 2, "z": 0 } },
      "Aliases": ["billiards"],
      "Properties": { "defaultState": "default" },
      "Flags": { "isVisible": true },
      "States": {
        "default": {
          "Description": "The cue rack stands ready, one cue slightly out of place.",
          "Svg": "<rect width='100' height='100' fill='#2e8b57' stroke='#145a32' stroke-width='2'/><text x='50' y='55' text-anchor='middle' font-size='9' fill='#fff'>Billiard</text>"
        }
      }
    },
    {
      "$type": "scene",
      "Id": "e60fa4c1872b4416bd712fa2665a9df5",
      "Kind": "scene",
      "Name": "Conservatory",
      "Description": "A sunlit greenhouse filled with exotic plants.",
      "Location": { "$loc": "world", "pos": { "x": -1, "y": 4, "z": 0 } },
      "Aliases": ["conservatory", "greenhouse"],
      "Properties": { "defaultState": "default" },
      "Flags": { "isVisible": true },
      "States": {
        "default": {
          "Description": "Birdsong echoes faintly. The air is humid.",
          "Svg": "<rect width='100' height='100' fill='#77dd77' stroke='#3a7d44' stroke-width='2'/><text x='50' y='55' text-anchor='middle' font-size='9' fill='#003300'>Conserv.</text>"
        }
      }
    },
    {
      "$type": "scene",
      "Id": "a82f41062c414afeae85ef8bf6ae7c78",
      "Kind": "scene",
      "Name": "Ballroom",
      "Description": "A grand room with chandeliers and polished floors for dancing.",
      "Location": { "$loc": "world", "pos": { "x": 0, "y": 4, "z": 0 } },
      "Aliases": ["ballroom"],
      "Properties": { "defaultState": "default" },
      "Flags": { "isVisible": true },
      "States": {
        "default": {
          "Description": "Soft echoes linger as if from a long-forgotten waltz.",
          "Svg": "<rect width='100' height='100' fill='#add8e6' stroke='#4682b4' stroke-width='2'/><text x='50' y='55' text-anchor='middle' font-size='9' fill='#003366'>Ballroom</text>"
        }
      }
    },
    {
      "$type": "scene",
      "Id": "e16efceaf1994c2cbfa9a420b1056739",
      "Kind": "scene",
      "Name": "Dining Room",
      "Description": "A long mahogany table dominates the space, set for twelve.",
      "Location": { "$loc": "world", "pos": { "x": 1, "y": 1, "z": 0 } },
      "Aliases": ["dining"],
      "Properties": { "defaultState": "default" },
      "Flags": { "isVisible": true },
      "States": {
        "default": {
          "Description": "Candles flicker though no one lit them.",
          "Svg": "<rect width='100' height='100' fill='#b5651d' stroke='#4a2c10' stroke-width='2'/><text x='50' y='55' text-anchor='middle' font-size='9' fill='#fff'>Dining</text>"
        }
      }
    },
    {
      "$type": "scene",
      "Id": "6147f62d33b04c22a495a3d4afaac305",
      "Kind": "scene",
      "Name": "Kitchen",
      "Description": "The scent of old cooking lingers, mingled with something metallic.",
      "Location": { "$loc": "world", "pos": { "x": 1, "y": 4, "z": 0 } },
      "Aliases": ["kitchen"],
      "Properties": { "defaultState": "default" },
      "Flags": { "isVisible": true },
      "States": {
        "default": {
          "Description": "A large range sits cold and unused.",
          "Svg": "<rect width='100' height='100' fill='#f2c66d' stroke='#a67c00' stroke-width='2'/><text x='50' y='55' text-anchor='middle' font-size='9' fill='#4d3900'>Kitchen</text>"
        }
      }
    },
    {
      "$type": "player",
      "Id": "e198a7bc16314960b54362da1451aee8",
      "Kind": "player",
      "Name": "Mr. Boddy",
      "Description": "The unfortunate victim. Wealthy owner of Tudor Mansion, now quite deceased.",
      "Location": { "$loc": "embedded", "parentId": "06a79e13ee114ae9813cf3c1a8399d46" },
      "Aliases": ["victim", "body"],
      "Properties": { "defaultState": "default" },
      "Flags": { "isVisible": true },
      "States": {
        "default": {
          "Description": "Lying motionless. A faint smell of cologne and betrayal.",
          "Svg": "<circle cx='50' cy='50' r='8' fill='#999999' stroke='#333' stroke-width='1'><title>Mr. Boddy</title></circle>"
        }
      }
    },
    {
      "$type": "npc",
      "Id": "c5d97f78d00f4db1b864ad767466bc1a",
      "Kind": "npc",
      "Name": "Professor Plum",
      "Description": "An absent-minded academic in deep purple attire, sharp of mind and tongue.",
      "Location": { "$loc": "embedded", "parentId": "8c02b90280104b5ab77c8cbe1869be67" },
      "Aliases": ["plum", "professor", "purple"],
      "Properties": { "defaultState": "default" },
      "Flags": { "isVisible": true },
      "States": {
        "default": {
          "Description": "Adjusts his spectacles nervously.",
          "Svg": "<circle cx='50' cy='50' r='8' fill='#800080'><title>Professor Plum</title></circle>"
        }
      }
    },
    {
      "$type": "npc",
      "Id": "d91c3498018f461998cb63f08b3cc87b",
      "Kind": "npc",
      "Name": "Colonel Mustard",
      "Description": "A retired military man with a booming voice and a suspicious temper.",
      "Location": { "$loc": "embedded", "parentId": "1425ad2d4b9f4c50a2c7edb277b0a2b7" },
      "Aliases": ["mustard", "colonel", "yellow"],
      "Properties": { "defaultState": "default" },
      "Flags": { "isVisible": true },
      "States": {
        "default": {
          "Description": "He polishes his medals thoughtfully.",
          "Svg": "<circle cx='50' cy='50' r='8' fill='#ffcc00'><title>Colonel Mustard</title></circle>"
        }
      }
    },
    {
      "$type": "npc",
      "Id": "98664ea94719465bacd1eeee9599c57e",
      "Kind": "npc",
      "Name": "Mr. Green",
      "Description": "A nervous businessman, impeccably dressed but clearly hiding something.",
      "Location": { "$loc": "embedded", "parentId": "3bbcf9845a59413c93210f9ed8e23609" },
      "Aliases": ["green"],
      "Properties": { "defaultState": "default" },
      "Flags": { "isVisible": true },
      "States": {
        "default": {
          "Description": "Fiddles with his tie, eyes darting about.",
          "Svg": "<circle cx='50' cy='50' r='8' fill='#008000'><title>Mr. Green</title></circle>"
        }
      }
    },
    {
      "$type": "npc",
      "Id": "6b50694b8f7d4bc38fd4e8fb608a8216",
      "Kind": "npc",
      "Name": "Mrs. White",
      "Description": "The loyal housekeeper, stoic and silent but observant.",
      "Location": { "$loc": "embedded", "parentId": "e16efceaf1994c2cbfa9a420b1056739" },
      "Aliases": ["white", "maid"],
      "Properties": { "defaultState": "default" },
      "Flags": { "isVisible": true },
      "States": {
        "default": {
          "Description": "Clutches a cleaning rag, eyes wary.",
          "Svg": "<circle cx='50' cy='50' r='8' fill='#ffffff' stroke='#ccc'><title>Mrs. White</title></circle>"
        }
      }
    },
    {
      "$type": "npc",
      "Id": "9c2f710bdebe47d2b942fd4dac7494ce",
      "Kind": "npc",
      "Name": "Miss Scarlett",
      "Description": "A glamorous socialite in a scarlet gown, always the center of attention.",
      "Location": { "$loc": "embedded", "parentId": "a82f41062c414afeae85ef8bf6ae7c78" },
      "Aliases": ["scarlett", "red"],
      "Properties": { "defaultState": "default" },
      "Flags": { "isVisible": true },
      "States": {
        "default": {
          "Description": "She smirks knowingly, adjusting her gloves.",
          "Svg": "<circle cx='50' cy='50' r='8' fill='#ff0000'><title>Miss Scarlett</title></circle>"
        }
      }
    },
    {
      "$type": "npc",
      "Id": "f556825cc5eb46c2944eb8b99adf77cc",
      "Kind": "npc",
      "Name": "Mrs. Peacock",
      "Description": "An elegant older woman with a love for gossip and jewels.",
      "Location": { "$loc": "embedded", "parentId": "8c02b90280104b5ab77c8cbe1869be67" },
      "Aliases": ["peacock", "blue"],
      "Properties": { "defaultState": "default" },
      "Flags": { "isVisible": true },
      "States": {
        "default": {
          "Description": "Her feathers of pride show in every gesture.",
          "Svg": "<circle cx='50' cy='50' r='8' fill='#0000ff'><title>Mrs. Peacock</title></circle>"
        }
      }
    },
    {
      "$type": "item",
      "Id": "2b9127b4ea674edb9638ef997a8f6b94",
      "Kind": "item",
      "Name": "Revolver",
      "Description": "A small but deadly firearm, polished to a shine.",
      "Location": { "$loc": "offMap" },
      "Flags": { "isVisible": true, "isMovable": true },
      "States": {
        "default": {
          "Description": "A six-chamber revolver, one bullet missing.",
          "Svg": "<rect x='40' y='45' width='20' height='10' fill='#555' stroke='#222'/><rect x='55' y='42' width='6' height='4' fill='#999'/>"
        }
      }
    },
    {
      "$type": "item",
      "Id": "6d8a2784b14b4bbb9cc0b444eb89d391",
      "Kind": "item",
      "Name": "Lead Pipe",
      "Description": "Heavy and blunt, it could crush more than plumbing.",
      "Location": { "$loc": "offMap" },
      "Flags": { "isVisible": true, "isMovable": true },
      "States": {
        "default": {
          "Description": "Slightly bent, cold to the touch.",
          "Svg": "<rect x='45' y='20' width='10' height='60' fill='#888' stroke='#333'/>"
        }
      }
    },
    {
      "$type": "item",
      "Id": "0f55ed54df8445c0b31b0acd5b131571",
      "Kind": "item",
      "Name": "Rope",
      "Description": "A sturdy length of rope, frayed at one end.",
      "Location": { "$loc": "offMap" },
      "Flags": { "isVisible": true, "isMovable": true },
      "States": {
        "default": {
          "Description": "Coiled neatly, yet ominously.",
          "Svg": "<circle cx='50' cy='50' r='20' fill='none' stroke='#c2b280' stroke-width='3'/>"
        }
      }
    },
    {
      "$type": "item",
      "Id": "b5a20ad26aab46459bb14ce9ef25d821",
      "Kind": "item",
      "Name": "Candlestick",
      "Description": "A solid brass candlestick, elegant and heavy.",
      "Location": { "$loc": "offMap" },
      "Flags": { "isVisible": true, "isMovable": true },
      "States": {
        "default": {
          "Description": "The wax is still warm.",
          "Svg": "<rect x='48' y='40' width='4' height='20' fill='#c9a86a'/><circle cx='50' cy='38' r='3' fill='#f4e3b2'/>"
        }
      }
    },
    {
      "$type": "item",
      "Id": "fb5a4c3d4c034c1498ded66428b194e0",
      "Kind": "item",
      "Name": "Knife",
      "Description": "A gleaming kitchen knife with a sharp edge.",
      "Location": { "$loc": "offMap" },
      "Flags": { "isVisible": true, "isMovable": true },
      "States": {
        "default": {
          "Description": "The blade catches the light, spotless—or freshly cleaned.",
          "Svg": "<polygon points='45,60 55,60 52,20' fill='#ccc' stroke='#444'/><rect x='45' y='60' width='10' height='5' fill='#663300'/>"
        }
      }
    },
    {
      "$type": "item",
      "Id": "68e039f7a3e74acf8b1cbcc91b3bdb99",
      "Kind": "item",
      "Name": "Wrench",
      "Description": "A heavy wrench used for tightening—or bludgeoning.",
      "Location": { "$loc": "offMap" },
      "Flags": { "isVisible": true, "isMovable": true },
      "States": {
        "default": {
          "Description": "Grease stains mark its handle.",
          "Svg": "<rect x='47' y='30' width='6' height='40' fill='#666'/><circle cx='50' cy='30' r='5' fill='none' stroke='#666' stroke-width='2'/>"
        }
      }
    }
  ],
  "Vfs": { "Files": [] },
  "Verbs": [],
  "Triggers": [],
  "CreatedAt": "2025-10-27T02:30:59.546Z",
  "ModifiedAt": "2025-10-28T03:00:00.000Z"
}
